{"cameraMode":{"drawMode":0,"name":"Shaded","section":"Shading Mode"},"sceneLighting":false,"audioPlay":false,"sceneViewState":{"showFog":true,"showMaterialUpdate":false,"showSkybox":false,"showFlares":true,"showImageEffects":true,"showParticleSystems":true},"in2DMode":false,"pivot":{"x":-8.015263557434082,"y":4.807310581207275,"z":9.215051651000977},"rotation":{"x":-0.10863929986953736,"y":0.8458796143531799,"z":-0.18789133429527284,"w":-0.48782432079315188},"size":2.455233097076416,"orthographic":true}