{"cameraMode":{"drawMode":0,"name":"Shaded","section":"Shading Mode"},"sceneLighting":false,"audioPlay":false,"sceneViewState":{"showFog":true,"showMaterialUpdate":false,"showSkybox":false,"showFlares":true,"showImageEffects":true,"showParticleSystems":true},"in2DMode":false,"pivot":{"x":-20.49217987060547,"y":2.378624439239502,"z":15.223553657531739},"rotation":{"x":0.31704139709472659,"y":0.27114540338516238,"z":-0.09485461562871933,"w":0.904095470905304},"size":2.7530715465545656,"orthographic":true}