{"cameraMode":{"drawMode":0,"name":"Shaded","section":"Shading Mode"},"sceneLighting":false,"audioPlay":false,"sceneViewState":{"showFog":true,"showMaterialUpdate":false,"showSkybox":false,"showFlares":true,"showImageEffects":true,"showParticleSystems":true},"in2DMode":false,"pivot":{"x":-8.130382537841797,"y":2.6893997192382814,"z":8.555938720703125},"rotation":{"x":0.015062217600643635,"y":-0.9820562601089478,"z":0.09196833521127701,"w":0.16506540775299073},"size":4.934863567352295,"orthographic":true}