{"cameraMode":{"drawMode":0,"name":"Shaded","section":"Shading Mode"},"sceneLighting":false,"audioPlay":false,"sceneViewState":{"showFog":true,"showMaterialUpdate":false,"showSkybox":false,"showFlares":true,"showImageEffects":true,"showParticleSystems":true},"in2DMode":false,"pivot":{"x":5.858877182006836,"y":5.349393844604492,"z":7.825905799865723},"rotation":{"x":-0.10315047204494477,"y":0.8972262144088745,"z":-0.311481237411499,"w":-0.2964329421520233},"size":1.4409159421920777,"orthographic":true}