{"cameraMode":{"drawMode":0,"name":"Shaded","section":"Shading Mode"},"sceneLighting":false,"audioPlay":false,"sceneViewState":{"showFog":true,"showMaterialUpdate":false,"showSkybox":false,"showFlares":true,"showImageEffects":true,"showParticleSystems":true},"in2DMode":false,"pivot":{"x":-5.960464477539063e-8,"y":0.9575859308242798,"z":0.26503610610961916},"rotation":{"x":-0.001722596469335258,"y":-0.996677041053772,"z":0.01973750628530979,"w":-0.0809115320444107},"size":1.785546064376831,"orthographic":true}