{"cameraMode":{"drawMode":0,"name":"Shaded","section":"Shading Mode"},"sceneLighting":false,"audioPlay":false,"sceneViewState":{"showFog":true,"showMaterialUpdate":false,"showSkybox":false,"showFlares":true,"showImageEffects":true,"showParticleSystems":true},"in2DMode":false,"pivot":{"x":-4.8425421714782719,"y":3.4026129245758058,"z":16.58926010131836},"rotation":{"x":-0.13156621158123017,"y":0.8095095157623291,"z":-0.19772116839885713,"w":-0.5374676585197449},"size":2.372326374053955,"orthographic":true}