{"cameraMode":{"drawMode":0,"name":"Shaded","section":"Shading Mode"},"sceneLighting":false,"audioPlay":false,"sceneViewState":{"showFog":true,"showMaterialUpdate":false,"showSkybox":false,"showFlares":true,"showImageEffects":true,"showParticleSystems":true},"in2DMode":false,"pivot":{"x":-3.7833030223846437,"y":2.0998315811157228,"z":14.900961875915528},"rotation":{"x":0.0023804011289030315,"y":-0.9694197177886963,"z":0.24620243906974793,"w":0.0077591752633452419},"size":2.629631519317627,"orthographic":true}