{"cameraMode":{"drawMode":0,"name":"Shaded","section":"Shading Mode"},"sceneLighting":false,"audioPlay":false,"sceneViewState":{"showFog":true,"showMaterialUpdate":false,"showSkybox":false,"showFlares":true,"showImageEffects":true,"showParticleSystems":true},"in2DMode":false,"pivot":{"x":-7.2651190757751469,"y":2.0998315811157228,"z":8.159908294677735},"rotation":{"x":-0.001949958154000342,"y":-0.9917402863502502,"z":0.12895983457565309,"w":-0.013369950465857983},"size":2.2010183334350588,"orthographic":true}