{"cameraMode":{"drawMode":0,"name":"Shaded","section":"Shading Mode"},"sceneLighting":false,"audioPlay":false,"sceneViewState":{"showFog":true,"showMaterialUpdate":false,"showSkybox":false,"showFlares":true,"showImageEffects":true,"showParticleSystems":true},"in2DMode":false,"pivot":{"x":7.390286445617676,"y":0.2102353572845459,"z":6.277548789978027},"rotation":{"x":-0.040008269250392917,"y":0.2870042026042938,"z":-0.01179963257163763,"w":-0.9572620391845703},"size":1.049113392829895,"orthographic":true}