{"cameraMode":{"drawMode":0,"name":"Shaded","section":"Shading Mode"},"sceneLighting":false,"audioPlay":false,"sceneViewState":{"showFog":true,"showMaterialUpdate":false,"showSkybox":false,"showFlares":true,"showImageEffects":true,"showParticleSystems":true},"in2DMode":false,"pivot":{"x":0.949999988079071,"y":2.2100000381469728,"z":6.539999961853027},"rotation":{"x":-0.11364707350730896,"y":0.8086174130439758,"z":-0.1663099229335785,"w":-0.552855908870697},"size":1.7660977840423585,"orthographic":true}